dem_seats,probability,cumulative_at_least
34,0.000020,1.000000
35,0.000090,0.999980
36,0.000740,0.999890
37,0.003290,0.999150
38,0.008510,0.995860
39,0.016050,0.987350
40,0.024830,0.971300
41,0.033340,0.946470
42,0.040880,0.913130
43,0.049940,0.872250
44,0.056900,0.822310
45,0.064060,0.765410
46,0.069880,0.701350
47,0.073140,0.631470
48,0.074500,0.558330
49,0.073220,0.483830
50,0.072850,0.410610
51,0.068360,0.337760
52,0.061990,0.269400
53,0.053660,0.207410
54,0.045660,0.153750
55,0.036710,0.108090
56,0.027410,0.071380
57,0.019070,0.043970
58,0.011870,0.024900
59,0.006930,0.013030
60,0.003380,0.006100
61,0.001690,0.002720
62,0.000540,0.001030
63,0.000280,0.000490
64,0.000100,0.000210
65,0.000050,0.000110
66,0.000030,0.000060
67,0.000030,0.000030
